{
	"format_version": "1.9.0",
	"credit": "Made by Fortit",
	"texture_size": [48, 48],
	"textures": {
		"3": "./m_head",
		"particle": "./chicken_food"
	},
	"elements": [
		{
			"from": [4, 0, 4],
			"to": [12, 8, 12],
			"rotation": {"angle": 0, "axis": "y", "origin": [8, 0, 8]},
			"faces": {
				"north": {"uv": [2.66667, 2.66667, 5.33333, 5.33333], "texture": "#3"},
				"east": {"uv": [0, 2.66667, 2.66667, 5.33333], "texture": "#3"},
				"south": {"uv": [0, 0, 2.66667, 2.66667], "texture": "#3"},
				"west": {"uv": [5.33333, 2.66667, 8, 5.33333], "texture": "#3"},
				"up": {"uv": [5.33333, 2.66667, 2.66667, 0], "texture": "#3"},
				"down": {"uv": [8, 0, 5.33333, 2.66667], "texture": "#3"}
			}
		},
		{
			"from": [3.5, -0.5, 3.5],
			"to": [12.5, 8.5, 12.5],
			"rotation": {"angle": 0, "axis": "y", "origin": [8, 0, 8]},
			"faces": {
				"north": {"uv": [10.66667, 2.66667, 13.33333, 5.33333], "texture": "#3"},
				"east": {"uv": [8, 2.66667, 10.66667, 5.33333], "texture": "#3"},
				"south": {"uv": [8, 0, 10.66667, 2.66667], "texture": "#3"},
				"west": {"uv": [13.33333, 2.66667, 16, 5.33333], "texture": "#3"},
				"up": {"uv": [13.33333, 2.66667, 10.66667, 0], "texture": "#3"},
				"down": {"uv": [16, 0, 13.33333, 2.66667], "texture": "#3"}
			}
		},
		{
			"from": [12.5, 8.5, 12.5],
			"to": [3.5, -0.5, 3.5],
			"rotation": {"angle": 0, "axis": "x", "origin": [8, 4, 8]},
			"faces": {
				"north": {"uv": [8, 0, 10.66667, 2.66667], "rotation": 180, "texture": "#3"},
				"east": {"uv": [8, 2.66667, 10.66667, 5.33333], "rotation": 180, "texture": "#3"},
				"south": {"uv": [10.66667, 2.66667, 13.33333, 5.33333], "rotation": 180, "texture": "#3"},
				"west": {"uv": [13.33333, 2.66667, 16, 5.33333], "rotation": 180, "texture": "#3"},
				"up": {"uv": [16, 0, 13.33333, 2.66667], "texture": "#3"},
				"down": {"uv": [13.33333, 2.66667, 10.66667, 0], "texture": "#3"}
			}
		}
	],
	"display": {
		"thirdperson_righthand": {
			"rotation": [70, 0, 0],
			"translation": [-6, 2.5, 5]
		},
		"firstperson_righthand": {
			"rotation": [0, 130, 0],
			"translation": [1.75, 5.25, 0.25],
			"scale": [0.5, 0.5, 0.5]
		},
		"ground": {
			"rotation": [0, -180, 0],
			"translation": [0, 4.5, 0]
		},
		"gui": {
			"rotation": [30, -135, 0],
			"translation": [0, 3.5, 0],
			"scale": [0.8, 0.8, 0.8]
		},
		"head": {
			"translation": [0, 6.5, 0],
			"scale": [1.7, 1.7, 1.7]
		},
		"fixed": {
			"rotation": [90, 0, -180],
			"translation": [0, 0, -14],
			"scale": [2, 2, 2]
		}
	},
	"groups": [
		{
			"name": "group",
			"origin": [8, 4, 8],
			"color": 0,
			"children": [0, 1, 2]
		}
	]
}