{
	"format_version": "1.9.0",
	"credit": "Made by Fortit",
	"texture_size": [48, 48],
	"textures": {
		"3": "./m_leg",
		"particle": "./arm_leg"
	},
	"elements": [
		{
			"from": [6, 0, 2],
			"to": [10, 4, 14],
			"rotation": {"angle": 0, "axis": "y", "origin": [8, 2, 2]},
			"faces": {
				"north": {"uv": [2.66667, 0, 1.33333, 1.33333], "rotation": 180, "texture": "#3"},
				"east": {"uv": [0, 1.33333, 1.33333, 5.33333], "rotation": 270, "texture": "#3"},
				"south": {"uv": [1.33333, 1.33333, 0, 0], "texture": "#3"},
				"west": {"uv": [2.66667, 1.33333, 4, 5.33333], "rotation": 90, "texture": "#3"},
				"up": {"uv": [1.33333, 1.33333, 2.66667, 5.33333], "rotation": 180, "texture": "#3"},
				"down": {"uv": [4, 1.33333, 5.33333, 5.33333], "texture": "#3"}
			}
		},
		{
			"from": [5.75, -0.25, 1.75],
			"to": [10.25, 4.25, 14.25],
			"rotation": {"angle": 0, "axis": "y", "origin": [8, 2, 2]},
			"faces": {
				"north": {"uv": [8, 0, 6.66667, 1.33333], "rotation": 180, "texture": "#3"},
				"east": {"uv": [5.33333, 1.33333, 6.66667, 5.33333], "rotation": 270, "texture": "#3"},
				"south": {"uv": [6.66667, 1.33333, 5.33333, 0], "texture": "#3"},
				"west": {"uv": [8, 1.33333, 9.33333, 5.33333], "rotation": 90, "texture": "#3"},
				"up": {"uv": [6.66667, 1.33333, 8, 5.33333], "rotation": 180, "texture": "#3"},
				"down": {"uv": [9.33333, 1.33333, 10.66667, 5.33333], "texture": "#3"}
			}
		},
		{
			"from": [10.25, 4.25, 14.25],
			"to": [5.75, -0.25, 1.75],
			"rotation": {"angle": 0, "axis": "y", "origin": [8, 2, 8]},
			"faces": {
				"north": {"uv": [6.66667, 1.33333, 5.33333, 0], "texture": "#3"},
				"east": {"uv": [8, 1.33333, 9.33333, 5.33333], "rotation": 90, "texture": "#3"},
				"south": {"uv": [8, 0, 6.66667, 1.33333], "rotation": 180, "texture": "#3"},
				"west": {"uv": [5.33333, 1.33333, 6.66667, 5.33333], "rotation": 270, "texture": "#3"},
				"up": {"uv": [6.66667, 1.33333, 8, 5.33333], "texture": "#3"},
				"down": {"uv": [9.33333, 1.33333, 10.66667, 5.33333], "rotation": 180, "texture": "#3"}
			}
		}
	],
	"display": {
		"thirdperson_righthand": {
			"rotation": [93.5, 0, 0],
			"translation": [-0.25, 0.75, 7.75]
		},
		"firstperson_righthand": {
			"rotation": [-115.91, 69, 117.42],
			"translation": [-0.75, 6, 1.75],
			"scale": [0.5, 0.5, 0.5]
		},
		"ground": {
			"rotation": [0, -180, 0],
			"translation": [0, 4.5, 0]
		},
		"gui": {
			"rotation": [30, -135, 0],
			"translation": [0, 3.5, 0],
			"scale": [0.9, 0.9, 0.9]
		},
		"head": {
			"translation": [0, 6.5, 0],
			"scale": [1.7, 1.7, 1.7]
		},
		"fixed": {
			"rotation": [90, 0, -180],
			"translation": [0, 0, -14],
			"scale": [2, 2, 2]
		}
	},
	"groups": [
		{
			"name": "group",
			"origin": [8, 4, 8],
			"color": 0,
			"children": [0, 1, 2]
		}
	]
}