{
	"format_version": "1.9.0",
	"credit": "Made by Fortit",
	"texture_size": [48, 48],
	"textures": {
		"3": "./m_body",
		"particle": "./body_food"
	},
	"elements": [
		{
			"from": [4, 0, 2],
			"to": [12, 4, 14],
			"rotation": {"angle": 0, "axis": "x", "origin": [8, 2, 8]},
			"faces": {
				"north": {"uv": [5.33333, 0, 2.66667, 1.33333], "rotation": 180, "texture": "#3"},
				"east": {"uv": [0, 1.33333, 1.33333, 5.33333], "rotation": 270, "texture": "#3"},
				"south": {"uv": [2.66667, 1.33333, 0, 0], "texture": "#3"},
				"west": {"uv": [4, 1.33333, 5.33333, 5.33333], "rotation": 90, "texture": "#3"},
				"up": {"uv": [1.33333, 1.33333, 4, 5.33333], "rotation": 180, "texture": "#3"},
				"down": {"uv": [5.33333, 1.33333, 8, 5.33333], "texture": "#3"}
			}
		},
		{
			"from": [3.75, -0.25, 1.75],
			"to": [12.25, 4.25, 14.25],
			"rotation": {"angle": 0, "axis": "x", "origin": [8, 2, 8]},
			"faces": {
				"north": {"uv": [14.66667, 0, 12, 1.33333], "rotation": 180, "texture": "#3"},
				"east": {"uv": [8, 1.33333, 9.33333, 5.33333], "rotation": 270, "texture": "#3"},
				"south": {"uv": [12, 1.33333, 9.33333, 0], "texture": "#3"},
				"west": {"uv": [12, 1.33333, 13.33333, 5.33333], "rotation": 90, "texture": "#3"},
				"up": {"uv": [9.33333, 1.33333, 12, 5.33333], "rotation": 180, "texture": "#3"},
				"down": {"uv": [13.33333, 1.33333, 16, 5.33333], "texture": "#3"}
			}
		},
		{
			"name": "inv",
			"from": [12.25, 4.25, 14.25],
			"to": [3.75, -0.25, 1.75],
			"rotation": {"angle": 0, "axis": "x", "origin": [8, 2, 8]},
			"faces": {
				"north": {"uv": [12, 1.33333, 9.33333, 0], "rotation": 180, "texture": "#3"},
				"east": {"uv": [8, 1.33333, 9.33333, 5.33333], "rotation": 90, "texture": "#3"},
				"south": {"uv": [14.66667, 0, 12, 1.33333], "texture": "#3"},
				"west": {"uv": [12, 1.33333, 13.33333, 5.33333], "rotation": 270, "texture": "#3"},
				"up": {"uv": [13.33333, 1.33333, 16, 5.33333], "texture": "#3"},
				"down": {"uv": [9.33333, 1.33333, 12, 5.33333], "rotation": 180, "texture": "#3"}
			}
		}
	],
	"display": {
		"thirdperson_righthand": {
			"rotation": [90, -90, 90],
			"translation": [-6, 6, 1.75]
		},
		"firstperson_righthand": {
			"rotation": [-91.94, 19.96, 88.27],
			"translation": [-4, 4.75, 1],
			"scale": [0.7, 0.7, 0.7]
		},
		"ground": {
			"translation": [0, 5.25, 0]
		},
		"gui": {
			"rotation": [30, -135, 0],
			"translation": [0, 3.5, 0],
			"scale": [0.9, 0.9, 0.9]
		},
		"head": {
			"translation": [0, 6.5, 0],
			"scale": [1.7, 1.7, 1.7]
		},
		"fixed": {
			"rotation": [90, 0, -180],
			"translation": [0, 0, -14],
			"scale": [2, 2, 2]
		}
	},
	"groups": [
		{
			"name": "group",
			"origin": [8, 4, 8],
			"color": 0,
			"children": [0, 1, 2]
		}
	]
}